employee_id,name,branch_id
1,Maria Romero,2
2,Corey Garrison,3
3,Ryan Cross,4
4,Heather Sanchez,5
5,Janice Walters,1
6,Richard Fowler,2
7,Crystal Gallegos,3
8,Christina Murphy,4
9,Jeanette Jones,5
10,Daniel Coffey,1
11,Eric York,2
12,Rachel Moore,3
13,Christie Lawson,4
14,Joseph Crawford,5
15,Maria Brown,1
16,David Jackson,2
17,Mr. Jeremy Mccann,3
18,Kayla Ortiz,4
19,Taylor Torres,5
20,Maurice Bentley,1
21,Walter Harrison,2
22,Sarah Brooks,3
23,Mr. Christian Jackson Jr.,4
24,Paul Palmer,5
25,Sharon Santos,1
26,Kathy Franklin,2
27,Jeffrey Flowers,3
28,Steven Hunter MD,4
29,Daniel Walker,5
30,Diana Watson,1
